{
  "frequencies_cycles_per_pixel": [
    0.009999999776482582,
    0.05000000074505806,
    0.10000000149011612,
    0.20000000298023224,
    0.30000001192092896,
    0.4000000059604645,
    0.5
  ],
  "orientations_degrees": [
    0.0,
    45.0,
    90.0,
    135.0
  ],
  "response_shape": [
    4,
    7,
    4
  ],
  "frequency_response": [
    [
      [
        0.043999139219522476,
        0.046076450496912,
        0.04267408326268196,
        0.0452919565141201
      ],
      [
        0.05967293307185173,
        0.058620892465114594,
        0.05807816609740257,
        0.058505259454250336
      ],
      [
        0.07206887751817703,
        0.08027046918869019,
        0.07468850165605545,
        0.07936196029186249
      ],
      [
        0.07059184461832047,
        0.07917460799217224,
        0.070461206138134,
        0.08066214621067047
      ],
      [
        0.07423839718103409,
        0.08430949598550797,
        0.07267214357852936,
        0.08873909711837769
      ],
      [
        0.06937741488218307,
        0.10156241059303284,
        0.06301626563072205,
        0.09868787974119186
      ],
      [
        0.036407213658094406,
        0.08951174467802048,
        0.036407068371772766,
        0.0750083401799202
      ]
    ],
    [
      [
        0.10554471611976624,
        0.11347664892673492,
        0.09685146063566208,
        0.11577153205871582
      ],
      [
        0.1433267593383789,
        0.14981569349765778,
        0.13421662151813507,
        0.15236836671829224
      ],
      [
        0.16725462675094604,
        0.20257897675037384,
        0.16123011708259583,
        0.2101026177406311
      ],
      [
        0.16201896965503693,
        0.2264207899570465,
        0.14783239364624023,
        0.22444167733192444
      ],
      [
        0.17622517049312592,
        0.2357591688632965,
        0.1599402278661728,
        0.265611469745636
      ],
      [
        0.1672370731830597,
        0.3137308359146118,
        0.1395716369152069,
        0.27159732580184937
      ],
      [
        0.06977714598178864,
        0.26191556453704834,
        0.0697769895195961,
        0.1918339878320694
      ]
    ],
    [
      [
        0.8548316359519958,
        0.9540404677391052,
        0.8766568899154663,
        0.939338743686676
      ],
      [
        0.8206676244735718,
        0.8598477840423584,
        0.9133288264274597,
        0.8815973401069641
      ],
      [
        0.8534544706344604,
        0.9352211952209473,
        0.8854725360870361,
        0.9549538493156433
      ],
      [
        0.7720279097557068,
        0.9169474244117737,
        0.8281406760215759,
        0.9083582758903503
      ],
      [
        0.7778844237327576,
        0.828135073184967,
        0.8299028277397156,
        0.8661208748817444
      ],
      [
        0.8129779696464539,
        0.8410939574241638,
        0.8072558045387268,
        0.8796460032463074
      ],
      [
        0.654716432094574,
        0.8441668152809143,
        0.6547163724899292,
        0.8110244274139404
      ]
    ],
    [
      [
        10.392481803894043,
        10.087141036987305,
        10.309784889221191,
        10.110631942749023
      ],
      [
        10.181428909301758,
        9.574370384216309,
        9.763611793518066,
        9.940064430236816
      ],
      [
        10.031705856323242,
        9.843422889709473,
        9.568191528320312,
        10.609170913696289
      ],
      [
        9.354920387268066,
        9.520891189575195,
        9.635326385498047,
        9.867637634277344
      ],
      [
        9.508740425109863,
        9.624571800231934,
        9.625821113586426,
        10.114676475524902
      ],
      [
        9.961090087890625,
        9.781049728393555,
        10.597559928894043,
        10.551679611206055
      ],
      [
        8.184403419494629,
        9.840873718261719,
        8.184531211853027,
        10.202595710754395
      ]
    ]
  ],
  "phase_response_radians": [
    [
      -1.03738272190094,
      0.5523398518562317,
      -0.24797581136226654,
      -0.9273641705513,
      -3.2937264442443848,
      3.4183013439178467,
      -0.753380298614502
    ],
    [
      1.611304759979248,
      -3.723503589630127,
      1.8301427364349365,
      1.169385313987732,
      0.7414612770080566,
      0.07484018802642822,
      1.709399938583374
    ],
    [
      1.392996907234192,
      0.45201563835144043,
      0.3882119357585907,
      0.15186432003974915,
      -3.6481261253356934,
      1.0850334167480469,
      -3.6791012287139893
    ],
    [
      -0.012545013800263405,
      -0.04085700586438179,
      -0.10526922345161438,
      -0.09930703043937683,
      -0.1186281070113182,
      -0.10179800540208817,
      -0.0739598497748375
    ]
  ],
  "dominant_stage_by_frequency": [
    4,
    4,
    4,
    4,
    4,
    4,
    4
  ],
  "power_spectrum_peak_by_stage": [
    0.017857142857142856,
    0.10714285714285714,
    0.21428571428571427,
    0.14285714285714285
  ],
  "figures": [
    "analysis/results/figures/frequency_tuning_per_stage.png",
    "analysis/results/figures/orientation_tuning_polar.png",
    "analysis/results/figures/frequency_heatmap.png",
    "analysis/results/figures/feature_map_power_spectrum.png",
    "analysis/results/figures/phase_response_per_stage.png"
  ]
}